{"pitch": [-1.1006307157093957, 9.093166088130458, 99.2817441897027, 90.20440986485833], "energy": [-1.1484872102737427, 11.687743186950684, 44.956867394142094, 39.1444222166547]}